age,workclass,education,education-num,marital-status,occupation,relationship,race,sex,capital-gain,capital-loss,hours-per-week,native-country,over-50k,class
39,0,0,13,0,0,0,0,0,7,0,40,0,0,cluster1
50,11,0,13,14,6,16,0,0,0,0,13,0,0,cluster3
38,22,6,9,28,12,0,0,0,0,0,40,0,0,cluster2
53,22,12,7,14,12,16,20,0,0,0,40,0,0,cluster3
28,22,0,13,14,18,32,20,50,0,0,40,2,0,cluster3
37,22,18,14,14,6,32,0,50,0,0,40,0,0,cluster3
49,22,24,5,42,24,0,20,50,0,0,16,4,0,cluster3
52,11,6,9,14,6,16,0,0,0,0,45,0,50,cluster3
31,22,18,14,0,18,0,0,50,9,0,50,0,50,cluster1
42,22,0,13,14,6,16,0,0,8,0,40,0,50,cluster1
37,22,30,10,14,6,16,20,0,0,0,80,0,50,cluster3
30,0,0,13,14,18,16,40,0,0,0,40,6,50,cluster3
23,22,0,13,0,0,48,0,50,0,0,30,0,0,cluster2
32,22,36,12,0,30,0,20,0,0,0,50,0,0,cluster2
40,22,42,11,14,36,16,40,0,0,0,40,8,50,cluster3
34,22,48,4,14,42,16,60,0,0,0,45,10,0,cluster3
25,11,6,9,0,48,48,0,0,0,0,35,0,0,cluster2
32,22,6,9,0,54,64,0,0,0,0,40,0,0,cluster2
38,22,12,7,14,30,16,0,0,0,0,50,0,0,cluster3
43,11,18,14,28,6,64,0,50,0,0,45,0,50,cluster3
40,22,54,16,14,18,16,0,0,0,0,60,0,50,cluster1
54,22,6,9,56,24,64,20,50,0,0,20,0,0,cluster3
35,33,24,5,14,48,16,20,0,0,0,40,0,0,cluster3
43,22,12,7,14,42,16,0,0,0,7,40,0,0,cluster1
59,22,6,9,28,60,64,0,50,0,0,40,0,0,cluster3
56,44,0,13,14,60,16,0,0,0,0,40,0,50,cluster3
19,22,6,9,0,36,48,0,0,0,0,40,0,0,cluster2
54,55,30,10,14,66,16,40,0,0,0,60,12,50,cluster3
39,22,6,9,28,6,0,0,0,0,0,80,0,0,cluster2
49,22,6,9,14,36,16,0,0,0,0,40,0,0,cluster3
23,44,36,12,0,72,0,0,0,0,0,52,0,0,cluster2
20,22,30,10,0,30,48,20,0,0,0,44,0,0,cluster2
45,22,0,13,28,6,48,0,0,0,7,40,0,0,cluster2
30,33,30,10,14,0,48,0,0,0,0,40,0,0,cluster2
22,0,30,10,14,24,16,20,0,0,0,15,0,0,cluster2
48,22,12,7,0,54,64,0,0,0,0,40,14,0,cluster3
21,22,30,10,0,54,48,0,0,0,0,40,0,0,cluster2
19,22,6,9,70,0,32,0,50,0,0,25,0,0,cluster2
31,22,30,10,14,30,16,0,0,0,0,38,8,50,cluster3
48,11,36,12,14,18,16,0,0,0,0,40,0,0,cluster3
31,22,24,5,14,54,16,0,0,0,0,43,0,0,cluster2
53,11,0,13,14,18,16,0,0,0,0,40,0,0,cluster3
24,22,0,13,14,60,16,0,0,0,0,50,0,0,cluster3
49,22,6,9,56,0,64,0,50,0,0,40,0,0,cluster3
25,22,6,9,0,12,0,0,0,0,0,35,0,0,cluster2
57,33,0,13,14,18,16,20,0,0,0,40,0,50,cluster3
53,22,6,9,14,54,16,0,0,0,0,38,0,0,cluster3
44,22,18,14,28,6,64,0,50,0,0,40,0,0,cluster3
41,0,42,11,14,36,16,0,0,0,0,40,0,0,cluster3
29,22,42,11,0,18,0,0,0,0,0,43,0,0,cluster2
25,22,30,10,14,6,32,80,50,0,0,40,0,0,cluster3
18,22,6,9,0,24,48,0,50,0,0,30,8,0,cluster2
47,22,60,15,14,18,32,0,50,0,7,60,16,50,cluster1
50,33,0,13,28,6,0,0,0,0,0,55,0,50,cluster3
47,66,6,9,28,6,0,0,0,0,0,60,0,0,cluster3
43,22,30,10,14,60,16,0,0,0,0,40,0,50,cluster3
46,22,66,3,14,54,16,0,0,0,0,40,10,0,cluster3
35,22,42,11,14,24,16,0,0,0,0,40,14,0,cluster3
41,22,6,9,14,0,16,0,0,0,0,48,0,0,cluster3
30,22,6,9,14,54,16,0,0,8,0,40,0,0,cluster1
30,22,0,13,14,30,16,0,0,7,0,40,0,0,cluster1
32,55,48,4,42,66,0,0,0,0,0,40,8,0,cluster2
48,22,6,9,14,42,16,0,0,0,0,40,0,0,cluster3
42,22,54,16,14,18,16,0,0,0,0,45,0,50,cluster3
29,22,30,10,28,60,0,0,0,0,0,58,0,0,cluster2
36,22,6,9,14,36,16,0,0,0,0,40,0,0,cluster3
28,22,30,10,28,0,0,0,50,0,0,40,0,0,cluster2
53,22,6,9,14,0,32,0,50,0,0,40,0,50,cluster3
49,66,30,10,14,6,16,0,0,0,0,50,0,50,cluster3
25,55,30,10,0,66,48,0,0,0,0,40,0,0,cluster2
19,22,30,10,0,18,48,0,0,0,0,32,0,0,cluster2
31,22,0,13,56,30,48,20,50,0,0,40,0,0,cluster2
29,11,0,13,14,30,16,0,0,0,0,70,0,50,cluster1
23,22,30,10,0,54,0,0,0,0,0,40,0,0,cluster2
79,22,30,10,14,18,80,0,0,0,0,20,0,0,cluster3
27,22,6,9,0,24,48,0,0,0,0,40,10,0,cluster2
40,22,36,12,14,0,16,0,0,0,0,40,0,0,cluster3
67,55,72,6,14,66,16,0,0,0,0,2,0,0,cluster3
18,22,12,7,0,24,48,0,50,0,0,22,0,0,cluster2
31,44,48,4,14,48,16,0,0,0,0,40,0,0,cluster3
18,22,6,9,0,30,0,0,0,0,0,30,0,0,cluster2
52,22,0,13,14,24,16,0,0,0,0,40,2,0,cluster3
46,22,6,9,14,24,32,0,50,0,0,40,0,0,cluster3
59,22,6,9,14,30,16,0,0,0,0,48,0,0,cluster3
44,22,6,9,28,36,0,0,50,9,0,40,0,50,cluster1
53,22,6,9,28,30,48,0,50,0,0,35,0,0,cluster3
49,44,6,9,14,72,16,0,0,0,0,40,0,50,cluster3
33,22,18,14,14,18,16,0,0,0,0,50,0,0,cluster3
30,22,24,5,0,30,0,0,0,0,0,40,0,0,cluster2
43,33,54,16,0,18,0,0,50,0,0,50,0,50,cluster3
57,22,42,11,14,18,16,0,0,0,0,40,0,0,cluster3
37,22,30,10,28,36,64,0,50,0,0,40,0,0,cluster2
28,22,30,10,28,54,64,20,50,0,0,25,0,0,cluster2
30,22,6,9,14,30,32,40,50,0,7,35,8,0,cluster3
34,44,0,13,14,72,16,0,0,0,0,40,0,50,cluster3
29,44,30,10,0,12,0,0,0,0,0,50,0,0,cluster2
48,11,54,16,14,18,16,0,0,0,7,60,0,50,cluster1
37,22,30,10,14,30,16,0,0,0,0,48,0,50,cluster3
48,22,36,12,28,6,64,0,50,0,0,40,18,0,cluster3
32,33,6,9,0,24,48,20,0,0,0,40,0,0,cluster2
76,22,18,14,14,6,16,0,0,0,0,40,0,50,cluster3
44,22,0,13,14,6,16,0,0,9,0,60,0,50,cluster1
47,11,18,14,0,18,0,0,50,0,0,50,0,0,cluster3
20,22,30,10,0,60,48,0,50,0,0,40,0,0,cluster2
29,22,6,9,0,36,0,0,0,0,0,40,0,0,cluster2
32,66,6,9,14,36,16,0,0,8,0,40,0,50,cluster1
17,55,72,6,0,66,48,0,50,10,0,32,0,0,cluster1
30,22,12,7,0,12,48,0,0,0,0,40,0,0,cluster2
31,44,6,9,0,0,0,0,50,0,0,40,0,0,cluster2
42,22,6,9,14,12,16,0,0,0,0,40,0,0,cluster3
24,22,0,13,0,30,80,0,0,0,0,40,0,0,cluster2
38,22,60,15,14,18,16,0,0,0,0,40,0,50,cluster3
56,11,6,9,14,24,16,0,0,0,7,50,20,50,cluster1
28,22,30,10,14,30,32,0,50,8,0,25,0,0,cluster1
36,22,6,9,0,54,48,0,50,0,0,40,0,0,cluster2
53,22,24,5,14,12,16,0,0,0,0,50,0,0,cluster3
56,66,30,10,14,30,16,0,0,0,0,50,0,0,cluster3
49,44,42,11,14,36,16,20,0,0,0,40,0,50,cluster3
55,22,30,10,14,30,16,0,0,0,0,56,0,0,cluster3
22,22,6,9,0,36,0,0,0,0,0,41,0,0,cluster2
21,22,30,10,0,24,48,0,50,0,0,40,0,0,cluster2
40,22,0,13,14,6,16,0,0,0,0,60,0,0,cluster3
30,22,0,13,0,6,48,20,0,0,0,40,22,0,cluster2
29,0,0,13,14,18,16,0,0,0,0,50,0,50,cluster3
19,22,30,10,0,24,48,20,0,0,0,35,0,0,cluster2
47,22,0,13,14,6,32,0,50,0,0,40,0,50,cluster3
20,22,30,10,0,0,48,0,50,0,7,28,0,0,cluster2
31,22,36,12,14,0,16,0,0,0,0,40,0,50,cluster3
35,55,6,9,14,66,16,0,0,0,0,40,0,0,cluster3
39,22,30,10,28,36,0,0,0,0,0,40,0,0,cluster2
28,22,36,12,0,30,0,0,50,0,0,60,0,0,cluster2
24,22,6,9,0,24,0,0,50,0,7,40,0,0,cluster2
38,11,6,9,14,36,16,0,0,8,0,35,0,0,cluster1
37,22,0,13,14,30,16,0,0,0,0,50,0,0,cluster3
46,22,36,12,28,60,0,20,50,0,0,36,0,0,cluster3
38,33,18,14,14,18,16,0,0,0,0,40,24,50,cluster3
43,11,6,9,14,36,16,0,0,0,0,60,0,0,cluster3
27,22,42,11,14,0,32,0,50,0,0,35,0,0,cluster3
20,22,30,10,0,30,48,0,0,0,0,20,0,0,cluster2
49,22,30,10,14,36,16,40,0,0,0,40,0,50,cluster3
61,66,6,9,14,36,16,0,0,0,0,40,0,0,cluster3
27,22,30,10,0,30,48,0,50,0,0,40,0,0,cluster2
19,22,30,10,0,24,48,0,0,0,0,30,10,0,cluster2
45,22,42,11,0,18,0,0,50,0,7,40,0,50,cluster2
70,22,30,10,0,60,80,0,0,0,0,40,0,0,cluster3
31,22,6,9,0,42,64,20,50,0,0,30,0,0,cluster2
22,22,30,10,14,24,16,0,0,0,0,24,0,0,cluster2
36,22,6,9,84,24,64,0,50,0,0,24,0,0,cluster3
64,22,12,7,14,36,16,0,0,0,7,40,0,0,cluster1
43,55,30,10,28,66,0,0,50,0,0,40,0,0,cluster2
47,44,30,10,28,0,64,0,50,0,0,38,10,0,cluster3
34,22,6,9,0,0,0,0,50,0,0,40,0,0,cluster2
33,22,0,13,0,6,80,40,50,0,0,40,26,0,cluster2
21,22,6,9,0,36,48,0,0,0,0,35,0,0,cluster2
52,55,6,9,28,66,0,0,0,0,0,45,0,50,cluster3
48,22,6,9,14,36,16,0,0,0,0,46,0,0,cluster3
23,22,0,13,0,12,0,0,0,0,0,40,0,0,cluster2
71,11,30,10,56,30,64,20,0,0,7,2,0,0,cluster3
29,22,6,9,28,36,0,0,0,0,0,60,0,0,cluster2
42,22,0,13,56,24,80,20,0,0,0,50,0,0,cluster2
68,55,78,2,28,66,0,0,50,0,0,20,0,0,cluster3
25,22,6,9,0,24,64,0,50,0,0,40,0,0,cluster2
44,66,18,14,28,6,64,40,50,0,0,40,0,0,cluster3
28,22,6,9,0,6,0,40,50,0,0,40,18,0,cluster2
45,11,18,14,14,30,16,0,0,0,0,40,0,50,cluster3
36,22,30,10,28,24,64,0,50,0,0,40,10,0,cluster2
39,33,36,12,0,6,0,0,0,0,0,42,0,0,cluster2
46,0,18,14,84,72,64,0,0,0,0,40,0,0,cluster3
18,22,12,7,0,12,48,0,0,0,0,16,0,0,cluster2
66,44,42,11,84,18,0,0,50,0,0,20,0,0,cluster3
27,22,6,9,0,24,0,0,0,0,7,40,0,0,cluster2
28,0,6,9,14,72,16,0,0,0,0,40,0,0,cluster3
51,22,30,10,14,30,16,0,0,0,7,40,0,50,cluster1
27,22,0,13,0,36,0,0,0,0,0,50,0,0,cluster2
28,0,0,13,14,18,16,0,0,0,0,40,0,50,cluster3
27,22,6,9,42,30,64,0,50,0,0,25,0,0,cluster2
21,22,6,9,0,36,48,20,0,0,0,40,0,0,cluster2
34,22,6,9,0,12,0,20,0,0,0,40,0,0,cluster2
18,22,6,9,0,24,48,0,0,0,0,12,0,0,cluster2
33,22,0,13,14,18,16,0,0,0,0,65,0,0,cluster3
44,44,30,10,14,6,16,20,0,0,0,38,0,50,cluster3
43,22,30,10,28,0,0,0,50,0,0,40,0,0,cluster3
30,22,30,10,0,36,0,20,0,0,0,45,0,0,cluster2
40,22,48,4,14,54,16,0,0,0,0,40,10,50,cluster3
37,33,30,10,14,0,16,0,0,0,0,42,0,50,cluster3
34,22,6,9,14,0,16,20,0,0,0,40,0,0,cluster3
41,11,0,13,28,6,0,0,50,0,0,40,0,0,cluster3
53,55,0,13,28,66,0,0,50,0,0,50,0,0,cluster3
31,22,18,14,14,18,32,0,50,0,0,50,0,0,cluster3
58,0,54,16,14,18,16,0,0,0,0,1,0,50,cluster3
38,22,30,10,28,54,0,20,50,0,0,28,0,0,cluster2
24,22,30,10,14,54,16,0,0,0,0,40,0,0,cluster3
41,44,0,13,14,36,16,20,0,0,0,40,0,0,cluster3
47,22,30,10,14,60,16,0,0,0,0,45,0,0,cluster3
41,33,0,13,14,60,16,0,0,0,0,24,0,0,cluster3
23,22,66,3,14,42,80,0,0,0,0,40,10,0,cluster2
36,22,30,10,28,36,0,0,0,0,0,40,0,0,cluster2
40,33,18,14,0,6,0,0,50,9,0,55,0,50,cluster1
35,22,18,14,14,18,80,0,0,8,0,40,0,50,cluster1
24,11,6,9,0,30,0,0,0,0,0,40,0,0,cluster2
26,22,18,14,0,18,0,0,50,0,7,40,0,0,cluster2
19,55,6,9,0,66,48,0,0,0,0,40,28,0,cluster2
51,22,0,13,14,6,16,0,0,0,0,50,0,50,cluster3
42,44,30,10,0,18,0,0,50,0,7,40,0,0,cluster2
37,0,6,9,28,0,64,0,50,0,0,35,0,0,cluster3
18,22,12,7,0,30,48,0,50,0,0,40,0,0,cluster2
36,22,0,13,14,24,16,20,0,8,0,36,0,50,cluster1
35,22,6,9,28,36,0,0,0,0,0,60,0,0,cluster2
58,66,6,9,14,30,32,0,50,9,0,35,0,50,cluster1
17,22,12,7,0,30,48,0,50,0,0,12,0,0,cluster2
44,44,6,9,14,42,16,20,0,0,0,40,0,0,cluster3
37,22,6,9,14,36,16,0,0,0,0,40,0,50,cluster3
35,22,30,10,0,30,0,60,50,0,0,40,0,0,cluster2
60,22,6,9,14,36,16,40,0,0,0,40,0,0,cluster3
54,66,48,4,14,54,16,0,0,0,0,40,0,50,cluster3
37,22,0,13,0,6,0,20,0,0,0,60,0,50,cluster2
50,22,36,12,28,30,0,0,50,0,0,40,0,0,cluster3
38,22,0,13,14,30,16,0,0,0,0,50,30,0,cluster3
45,22,0,13,14,18,16,0,0,0,0,55,0,0,cluster3
25,22,72,6,0,36,0,0,0,0,0,40,0,0,cluster2
31,22,30,10,14,12,16,0,0,0,0,40,0,0,cluster3
64,55,78,2,28,66,0,0,0,0,0,40,0,0,cluster3
90,22,6,9,0,24,0,20,0,0,7,40,0,0,cluster1
54,22,6,9,14,0,16,20,0,0,0,20,0,0,cluster3
53,44,84,1,0,54,0,0,50,0,0,35,0,0,cluster3
18,22,6,9,0,30,48,0,50,0,0,40,0,0,cluster2
60,55,72,6,28,66,0,60,50,0,0,10,0,0,cluster3
66,11,6,9,14,48,16,0,0,7,0,50,0,0,cluster1
75,22,42,11,84,0,0,0,50,0,0,20,32,0,cluster3
65,22,6,9,28,0,0,0,50,0,0,40,0,0,cluster3
35,22,12,7,56,42,0,20,0,8,0,40,0,0,cluster1
41,22,6,9,28,30,64,20,50,0,0,38,0,0,cluster3
25,22,30,10,0,0,0,0,0,0,0,42,0,0,cluster2
33,22,30,10,28,36,80,80,50,0,0,40,0,0,cluster2
28,22,60,15,0,18,0,0,0,0,0,55,0,50,cluster2
59,0,6,9,14,24,16,0,0,0,0,40,0,0,cluster3
40,0,30,10,0,0,0,0,50,0,0,38,0,0,cluster2
41,22,0,13,14,6,16,0,0,0,0,50,24,50,cluster3
38,44,18,14,14,6,16,0,0,0,0,70,0,50,cluster3
23,22,6,9,0,42,48,0,0,0,0,40,0,0,cluster2
40,22,0,13,14,18,16,0,0,0,0,40,0,50,cluster3
41,11,6,9,14,24,32,0,50,0,0,20,0,0,cluster3
24,0,36,12,14,72,16,0,0,0,0,50,0,0,cluster3
20,55,30,10,0,66,48,0,0,0,0,20,0,0,cluster2
38,22,30,10,28,36,0,0,0,0,7,40,0,0,cluster2
56,22,6,9,14,0,16,0,0,0,0,35,8,0,cluster3
58,22,6,9,14,0,16,0,0,0,0,45,0,50,cluster3
32,22,6,9,0,24,0,0,50,0,0,34,0,0,cluster2
40,22,36,12,14,60,16,0,0,0,7,60,0,50,cluster1
45,22,6,9,14,0,16,0,0,0,0,40,8,0,cluster3
41,22,60,15,14,18,32,0,50,0,0,40,0,50,cluster3
42,22,0,13,14,0,32,20,50,0,0,40,0,0,cluster3
59,44,72,6,84,24,64,20,50,0,0,30,0,0,cluster3
19,44,30,10,0,0,48,0,0,0,0,40,0,0,cluster2
58,22,30,10,0,42,0,0,0,0,0,20,0,0,cluster3
42,11,6,9,14,48,16,40,0,0,0,40,34,50,cluster3
20,22,6,9,0,24,48,0,50,0,0,40,0,0,cluster2
32,22,6,9,56,24,0,0,50,0,0,30,0,0,cluster2
45,22,42,11,84,6,0,0,50,0,0,45,0,0,cluster3
50,22,48,4,28,36,0,0,0,0,0,40,0,0,cluster3
36,22,0,13,28,18,48,0,50,0,0,40,0,0,cluster2
45,22,6,9,14,30,16,0,0,0,0,60,0,0,cluster3
17,22,12,7,0,24,48,0,0,0,0,12,0,0,cluster2
59,22,30,10,14,30,16,0,0,8,0,40,0,0,cluster1
26,22,12,7,14,36,16,0,0,0,0,40,0,0,cluster2
37,66,30,10,14,6,16,40,0,0,0,75,36,50,cluster3
19,55,30,10,0,66,48,0,0,0,0,24,20,0,cluster2
64,22,6,9,14,6,16,0,0,0,0,40,0,50,cluster3
33,22,0,13,0,18,0,0,50,0,0,45,0,0,cluster2
33,22,6,9,14,36,32,0,50,0,0,40,0,50,cluster3
61,22,6,9,14,6,16,0,0,0,0,40,0,50,cluster3
17,22,24,5,0,24,48,0,0,6,0,24,0,0,cluster3
50,11,18,14,14,48,16,0,0,7,0,98,0,0,cluster1
27,44,18,14,0,18,48,0,0,0,0,35,0,0,cluster2
30,22,6,9,28,18,48,0,50,0,0,40,0,0,cluster2
43,22,6,9,14,12,16,20,0,0,0,40,0,0,cluster3
44,22,30,10,14,36,16,0,0,8,0,40,0,50,cluster1
35,22,30,10,0,6,0,0,50,0,0,40,0,0,cluster2
25,22,30,10,0,60,48,0,50,0,0,40,0,0,cluster2
24,22,30,10,14,54,32,0,50,8,0,48,0,50,cluster1
22,22,0,13,0,18,0,0,50,0,0,15,22,0,cluster2
42,44,30,10,14,36,16,0,0,8,0,40,0,50,cluster1
34,22,36,12,28,30,64,20,50,0,0,45,0,0,cluster2
60,22,0,13,28,18,0,0,50,0,0,42,0,0,cluster3
21,22,6,9,0,12,48,0,0,0,0,40,0,0,cluster2
57,33,18,14,14,30,16,0,0,9,0,40,0,50,cluster1
41,22,60,15,14,18,16,0,0,0,0,60,0,50,cluster1
50,22,30,10,28,24,0,0,0,0,0,45,0,0,cluster3
25,22,0,13,0,6,0,0,50,0,0,40,0,0,cluster2
50,22,48,4,14,36,16,0,0,0,0,40,38,0,cluster3
36,22,0,13,14,18,16,0,0,0,0,45,0,0,cluster3
31,22,6,9,28,18,0,0,50,0,0,40,0,0,cluster2
29,44,0,13,0,72,0,0,0,0,0,56,0,0,cluster2
21,22,30,10,0,30,48,0,0,0,0,45,0,0,cluster2
27,22,0,13,0,60,64,20,50,0,0,40,0,0,cluster2
65,22,6,9,14,42,16,0,0,0,0,16,0,0,cluster3
37,66,0,13,28,30,0,0,50,0,0,60,0,0,cluster2
39,55,18,14,14,66,32,40,50,8,0,40,8,0,cluster1
24,22,6,9,0,36,48,0,0,0,0,40,0,0,cluster2
38,22,6,9,28,30,0,0,0,0,0,80,0,0,cluster2
48,22,0,13,14,0,16,0,0,8,0,40,0,50,cluster1
21,22,30,10,0,24,0,40,50,0,0,25,0,0,cluster2
31,22,6,9,14,42,16,0,0,0,0,45,0,50,cluster3
55,22,6,9,14,30,16,0,0,8,0,40,0,50,cluster1
24,22,30,10,14,0,32,40,50,0,0,40,40,0,cluster3
43,22,6,9,28,0,0,0,50,0,0,40,0,0,cluster3
26,22,36,12,0,60,0,0,0,0,0,45,0,0,cluster2
46,22,36,12,0,18,0,0,50,0,0,33,0,0,cluster2
35,22,36,12,14,0,16,0,0,0,0,40,0,50,cluster3
41,66,30,10,14,48,16,0,0,0,0,54,0,50,cluster3
26,22,0,13,0,30,0,0,0,0,0,40,0,0,cluster2
34,22,18,14,14,6,16,40,0,8,0,35,42,50,cluster1
19,55,30,10,0,66,48,20,50,0,0,25,0,0,cluster2
36,11,0,13,28,18,0,20,50,0,0,40,0,50,cluster3
22,22,30,10,0,30,48,0,0,0,0,15,0,0,cluster2
24,22,30,10,0,54,0,0,0,0,0,40,0,0,cluster2
77,11,30,10,14,30,16,0,0,0,0,40,0,0,cluster3
22,22,66,3,14,54,80,0,50,0,0,40,10,0,cluster2
29,22,30,10,0,60,0,0,50,0,0,40,0,0,cluster2
62,22,6,9,84,24,0,0,50,0,0,24,0,0,cluster3
39,11,6,9,14,6,16,0,0,0,0,40,0,0,cluster3
43,22,30,10,14,36,16,0,0,0,7,50,0,0,cluster1
35,22,6,9,28,42,0,0,0,0,0,45,0,0,cluster2
29,22,12,7,0,6,0,0,50,0,0,40,0,0,cluster2
76,11,18,14,14,36,16,0,0,0,0,10,0,0,cluster3
63,11,6,9,14,48,16,0,0,0,0,45,0,0,cluster3
23,55,42,11,0,66,48,20,50,0,0,15,0,0,cluster2
43,22,30,10,14,18,32,0,50,0,7,50,0,50,cluster1
58,11,6,9,14,12,16,0,0,0,0,40,0,0,cluster3
66,22,6,9,0,42,0,0,0,7,0,55,0,0,cluster1
41,22,30,10,0,36,0,20,0,0,0,45,0,0,cluster2
26,22,0,13,0,0,0,0,0,0,0,40,0,0,cluster2
47,22,42,11,0,24,0,0,0,0,0,40,0,0,cluster2
55,44,72,6,14,0,16,0,0,0,0,40,0,0,cluster3
53,22,6,9,14,42,16,0,0,0,0,40,0,0,cluster3
17,22,66,3,0,24,80,0,0,0,0,48,10,0,cluster2
30,22,6,9,0,36,80,0,0,0,0,40,0,0,cluster2
49,22,18,14,0,18,0,0,0,0,0,60,0,0,cluster3
19,22,6,9,0,30,64,20,0,0,0,30,44,0,cluster2
45,22,6,9,14,24,16,20,0,0,0,40,0,0,cluster3
26,22,36,12,0,30,0,0,0,0,0,40,0,0,cluster2
38,22,42,11,14,36,16,0,0,8,0,40,0,50,cluster1
36,0,6,9,14,72,16,0,0,8,0,40,0,50,cluster1
33,22,6,9,0,48,0,0,0,0,0,20,0,0,cluster2
22,0,30,10,0,72,48,20,50,0,0,40,0,0,cluster2
43,11,0,13,0,30,0,0,0,0,0,42,0,0,cluster2
67,55,12,7,14,66,16,0,0,0,0,8,0,0,cluster3
30,55,42,11,28,66,64,0,50,0,0,40,0,0,cluster2
56,22,36,12,42,24,0,0,0,0,0,25,24,0,cluster3
31,22,0,13,0,18,48,0,0,0,0,25,0,0,cluster2
33,22,0,13,14,6,16,0,0,0,0,40,0,50,cluster3
26,22,6,9,14,24,16,0,0,0,0,40,0,0,cluster3
33,22,0,13,14,6,16,0,0,0,0,40,0,50,cluster3
46,44,12,7,14,42,16,0,0,0,0,30,0,0,cluster3
59,55,0,13,14,66,16,0,0,0,0,40,0,50,cluster3
38,33,6,9,14,0,16,0,0,0,0,40,0,50,cluster3
65,22,12,7,84,24,64,80,0,0,0,40,0,0,cluster3
40,22,42,11,14,60,16,0,0,0,0,40,0,50,cluster3
42,22,6,9,14,0,32,0,50,0,0,35,0,0,cluster3
26,11,24,5,14,36,16,0,0,0,0,40,46,0,cluster3
36,22,72,6,14,24,32,0,50,0,0,24,0,0,cluster3
62,22,18,14,14,18,16,0,0,0,0,40,0,50,cluster3
43,22,0,13,14,42,16,0,0,0,0,45,0,0,cluster3
43,22,0,13,28,6,0,0,0,0,7,45,0,50,cluster3
22,22,6,9,42,30,0,0,0,0,0,55,0,0,cluster2
28,22,6,9,14,36,16,0,0,0,0,40,0,0,cluster3
56,11,30,10,14,30,16,0,0,0,0,45,0,0,cluster3
22,22,36,12,0,30,0,0,50,0,0,15,0,0,cluster2
57,22,0,13,28,6,0,0,50,0,0,45,0,50,cluster3
39,22,6,9,28,30,64,0,50,0,0,40,0,0,cluster2
26,33,30,10,0,0,64,0,50,0,0,15,0,0,cluster2
17,22,12,7,0,24,48,0,0,0,0,10,0,0,cluster2
40,0,42,11,14,54,16,0,0,0,0,38,0,50,cluster3
45,22,6,9,14,54,16,20,0,0,0,40,0,0,cluster3
44,22,6,9,0,36,0,20,0,0,0,40,0,0,cluster2
20,44,30,10,0,0,48,0,50,0,0,10,0,0,cluster2
33,22,6,9,14,36,32,0,50,0,0,40,0,0,cluster3
23,22,30,10,0,30,0,0,0,0,0,40,0,0,cluster2
46,11,18,14,28,6,0,0,0,0,0,30,0,0,cluster3
38,22,6,9,14,30,16,0,0,0,0,50,0,0,cluster3
54,22,6,9,28,42,0,0,0,0,0,40,0,0,cluster3
46,22,66,3,28,36,0,0,50,0,7,45,0,0,cluster1
25,22,30,10,14,36,16,0,0,0,0,40,0,0,cluster2
46,22,30,10,28,30,0,0,50,0,0,40,0,0,cluster3
36,44,30,10,14,42,32,0,50,0,0,40,0,0,cluster3
23,22,6,9,0,24,0,0,50,0,0,25,0,0,cluster2
29,22,6,9,56,54,0,0,0,0,0,40,0,0,cluster2
44,22,30,10,14,0,32,0,50,0,7,6,0,50,cluster1
19,22,30,10,0,0,48,0,50,0,0,16,0,0,cluster2
19,22,6,9,0,24,80,0,50,0,0,40,0,0,cluster2
35,22,6,9,14,24,32,0,50,0,0,40,0,50,cluster3
27,22,0,13,0,36,0,0,0,0,0,50,0,0,cluster2
46,11,36,12,56,36,0,0,0,0,0,40,0,0,cluster3
34,0,0,13,14,6,16,0,0,8,0,45,8,50,cluster1
34,22,6,9,0,24,0,0,50,0,0,35,0,0,cluster2
44,22,30,10,14,60,16,0,0,0,0,40,0,0,cluster3
45,22,30,10,28,12,64,0,50,0,0,40,0,0,cluster3
20,55,6,9,0,66,80,0,50,0,0,35,0,0,cluster2
25,22,0,13,14,6,16,0,0,0,0,55,0,50,cluster3
52,66,0,13,14,6,16,0,0,0,0,50,0,50,cluster3
20,22,30,10,0,12,48,0,0,0,0,40,0,0,cluster2
28,22,30,10,0,24,0,0,50,0,0,40,0,0,cluster2
50,0,0,13,14,72,16,0,0,0,0,40,0,50,cluster3
34,22,42,11,28,60,0,0,50,0,0,64,0,0,cluster2
28,22,48,4,14,12,16,80,0,0,7,40,14,0,cluster1
41,22,18,14,14,6,16,0,0,0,7,65,0,50,cluster1
28,22,6,9,14,0,16,0,0,0,0,40,0,0,cluster3
46,11,6,9,14,36,16,0,0,0,0,25,0,0,cluster3
28,55,30,10,14,66,32,0,50,0,7,40,0,50,cluster3
32,22,30,10,14,6,16,0,0,0,0,50,0,0,cluster3
41,44,30,10,28,24,0,20,50,0,0,24,0,0,cluster2
24,22,6,9,0,12,64,20,50,0,0,40,0,0,cluster2
33,22,30,10,28,6,64,0,50,0,0,40,0,0,cluster2
46,22,54,16,14,6,16,0,0,9,0,60,0,50,cluster1
31,0,30,10,14,54,16,0,0,0,0,40,0,0,cluster2
35,22,90,8,28,36,0,0,0,0,0,50,0,50,cluster2
52,22,78,2,14,54,16,0,0,0,0,40,10,0,cluster3
30,22,12,7,0,24,48,0,50,0,0,19,0,0,cluster2
34,44,12,7,56,54,0,20,0,0,0,40,0,0,cluster2
34,0,6,9,28,42,64,0,50,0,0,40,0,0,cluster2
20,22,30,10,14,30,16,0,0,0,0,30,0,0,cluster2
17,22,12,7,0,12,48,0,0,7,0,18,0,0,cluster1
32,0,0,13,14,6,32,0,50,0,0,40,0,50,cluster3
29,22,6,9,28,48,0,0,0,0,0,40,0,0,cluster2
33,22,72,6,0,36,64,0,50,0,0,35,0,0,cluster2
25,22,6,9,14,42,16,0,0,0,0,60,0,0,cluster3
36,33,18,14,0,18,0,0,0,0,7,40,0,0,cluster2
23,22,6,9,0,12,0,0,0,0,0,72,48,0,cluster2
63,66,6,9,14,6,16,0,0,0,0,40,0,50,cluster3
47,44,18,14,14,18,16,0,0,0,0,40,0,0,cluster3
80,55,6,9,84,66,0,0,0,0,0,24,0,0,cluster3
17,55,12,7,0,66,48,0,0,0,0,40,0,0,cluster2
40,11,0,13,42,18,0,0,50,7,0,40,0,0,cluster1
30,22,36,12,14,24,32,0,50,0,0,25,0,50,cluster3
27,22,30,10,0,36,48,40,0,0,7,40,26,0,cluster2
33,22,18,14,14,18,16,0,0,0,0,50,0,50,cluster3
34,44,6,9,0,48,0,20,0,6,0,60,0,0,cluster3
34,44,30,10,0,72,0,0,50,0,0,40,0,0,cluster2
23,22,30,10,14,0,16,0,0,0,0,40,0,0,cluster3
42,44,30,10,14,0,32,0,50,0,0,40,0,0,cluster3
29,22,0,13,0,18,0,0,0,0,0,40,0,0,cluster2
45,22,6,9,28,0,0,0,50,0,0,28,0,0,cluster3
24,33,6,9,0,78,48,0,0,0,0,40,0,0,cluster2
44,22,30,10,14,18,16,0,0,0,0,40,0,50,cluster3
27,22,24,5,0,36,80,0,0,0,0,40,10,0,cluster2
20,22,30,10,0,30,0,0,0,0,0,35,0,0,cluster2
44,22,6,9,84,6,64,20,50,0,0,40,0,0,cluster3
51,22,6,9,14,36,16,60,0,0,0,40,0,0,cluster3
20,22,6,9,14,54,16,0,0,0,0,40,0,0,cluster3
17,55,12,7,0,66,48,0,50,0,0,5,0,0,cluster2
19,22,6,9,0,54,48,20,50,0,0,40,0,0,cluster2
45,66,30,10,14,36,16,0,0,0,0,55,0,50,cluster3
60,22,6,9,14,36,16,0,0,0,0,40,0,50,cluster3
42,22,36,12,14,6,16,20,0,0,0,40,8,50,cluster3
44,11,6,9,14,30,32,0,50,0,0,40,0,50,cluster3
40,22,42,11,14,54,16,40,0,0,0,40,0,50,cluster3
30,22,6,9,14,6,32,0,50,0,0,40,0,0,cluster3
38,22,30,10,14,42,16,20,0,0,0,50,0,0,cluster3
23,22,6,9,14,42,16,0,0,0,0,60,0,0,cluster3
32,55,30,10,14,66,16,0,0,0,0,40,0,0,cluster3
44,22,36,12,0,48,48,0,0,0,0,40,0,0,cluster2
54,44,6,9,14,42,16,20,0,0,0,40,0,0,cluster3
32,22,0,13,14,18,16,0,0,0,0,50,0,0,cluster3
50,22,78,2,42,36,64,0,0,0,0,40,0,0,cluster3
24,22,0,13,0,60,0,0,50,0,0,20,0,0,cluster2
37,22,6,9,14,0,32,0,50,0,0,60,0,0,cluster3
52,22,6,9,28,42,64,0,0,0,0,40,0,0,cluster3
38,22,30,10,14,42,16,0,0,0,0,40,0,0,cluster3
49,22,18,14,14,6,16,0,0,0,7,45,0,50,cluster1
30,22,0,13,14,60,32,0,50,0,0,16,0,50,cluster3
60,22,30,10,0,18,64,0,0,0,0,40,0,50,cluster3
22,55,30,10,0,66,48,0,0,0,0,40,0,0,cluster2
35,22,6,9,0,36,0,0,0,0,0,40,0,0,cluster2
30,22,6,9,0,42,0,0,0,0,0,60,0,0,cluster2
67,22,42,11,28,24,0,0,50,0,0,24,0,0,cluster3
46,22,0,13,0,36,0,0,50,0,0,40,0,0,cluster2
17,22,24,5,0,24,0,0,0,0,0,6,0,0,cluster2
22,22,30,10,0,12,48,0,0,0,0,30,0,0,cluster2
27,22,72,6,0,24,0,0,0,0,0,40,0,0,cluster2
23,22,6,9,0,24,64,0,50,0,0,35,0,0,cluster2
33,22,36,12,14,36,16,0,0,0,0,45,46,0,cluster3
43,11,30,10,14,36,16,0,0,0,0,20,0,0,cluster3
28,0,0,13,0,18,0,0,0,0,0,20,0,0,cluster2
41,22,6,9,42,36,64,0,50,0,0,40,0,0,cluster3
52,55,90,8,0,66,80,20,0,6,0,40,0,0,cluster3
25,22,30,10,42,0,48,20,50,0,0,20,0,0,cluster2
63,55,78,2,14,66,16,0,0,0,0,35,0,0,cluster3
59,44,6,9,14,42,16,0,0,0,0,45,0,0,cluster3
45,44,0,13,28,18,64,0,50,0,0,40,0,0,cluster3
38,22,0,13,14,30,16,0,0,9,0,60,0,50,cluster1
40,22,6,9,0,24,0,0,50,0,0,35,0,0,cluster2
46,33,6,9,28,0,0,0,0,0,0,40,0,0,cluster3
35,22,36,12,0,6,0,0,50,0,0,60,0,0,cluster2
34,22,6,9,28,18,64,0,50,0,0,25,0,0,cluster2
33,22,0,13,0,36,48,0,0,0,0,20,0,0,cluster2
41,22,6,9,28,0,64,0,50,0,0,36,0,0,cluster3
20,22,30,10,0,54,48,0,0,0,0,40,0,0,cluster2
23,22,66,3,0,24,48,0,0,0,0,40,50,0,cluster2
26,22,30,10,0,18,0,0,50,0,0,35,0,0,cluster2
72,55,6,9,14,66,16,0,0,0,0,20,0,0,cluster3
23,44,6,9,0,48,0,0,0,0,0,40,30,0,cluster2
62,44,6,9,14,42,16,0,0,0,0,40,0,0,cluster3
52,22,30,10,14,0,16,0,0,0,0,40,0,0,cluster3
58,22,30,10,28,24,64,0,50,0,0,42,52,0,cluster3
25,22,0,13,0,30,0,0,50,0,0,40,0,0,cluster2
24,22,0,13,0,6,0,20,0,0,0,40,0,0,cluster2
19,22,30,10,0,72,48,0,0,0,0,8,0,0,cluster2
43,22,30,10,14,6,16,0,0,0,0,40,0,0,cluster3
47,44,6,9,56,0,64,20,50,0,0,40,0,0,cluster3
39,22,6,9,28,24,64,0,50,0,0,40,0,0,cluster3
49,22,42,11,42,12,64,0,0,0,7,42,0,0,cluster3
53,55,66,3,84,66,64,20,50,0,0,30,0,0,cluster3
32,22,42,11,0,36,0,0,0,0,0,45,0,0,cluster2
34,22,30,10,14,18,16,0,0,0,0,50,0,50,cluster3
28,22,6,9,28,36,0,0,0,0,0,45,0,0,cluster2
57,55,42,11,84,66,64,0,50,0,0,38,0,0,cluster3
25,22,30,10,0,0,0,60,50,0,0,20,0,0,cluster2
20,55,30,10,0,66,48,0,0,0,0,24,0,0,cluster2
21,55,30,10,0,66,64,0,50,0,0,35,0,0,cluster2
34,22,0,13,14,18,16,0,0,0,0,50,0,50,cluster3
38,66,0,13,14,6,16,0,0,9,0,80,0,50,cluster1
50,22,6,9,14,6,16,0,0,8,0,50,0,50,cluster1
24,44,30,10,28,12,0,20,0,0,0,50,0,0,cluster2
37,44,30,10,14,60,16,0,0,0,0,45,0,50,cluster3
44,22,30,10,28,54,64,0,0,0,0,58,0,50,cluster3
28,22,30,10,14,30,32,0,50,0,0,40,0,0,cluster3
42,22,0,13,14,6,16,0,0,0,0,40,0,50,cluster3
74,22,30,10,28,0,0,0,50,0,0,9,0,0,cluster3
38,11,6,9,14,36,16,0,0,0,0,50,0,0,cluster3
44,11,18,14,14,18,16,0,0,0,0,40,0,0,cluster3
44,22,12,7,28,54,64,80,50,0,0,46,14,0,cluster3
26,22,6,9,0,54,0,0,0,0,0,40,0,0,cluster2
36,22,6,9,14,24,16,20,0,0,0,40,0,0,cluster3
41,22,36,12,14,6,32,0,50,0,0,50,0,50,cluster3
67,22,60,15,14,18,16,0,0,9,0,48,0,50,cluster1
39,44,90,8,14,60,16,0,0,0,0,50,0,0,cluster3
57,22,78,2,84,84,0,20,50,0,0,30,0,0,cluster3
29,22,42,11,56,36,0,0,0,0,0,40,0,0,cluster2
31,66,0,13,0,48,0,0,50,0,0,45,0,0,cluster2
34,55,6,9,0,66,64,20,50,0,0,40,0,0,cluster2
44,22,30,10,14,42,16,0,0,0,0,40,0,0,cluster3
29,22,54,16,0,18,48,0,0,0,0,40,0,0,cluster2
30,22,30,10,0,12,64,0,50,0,0,40,0,0,cluster2
27,22,6,9,0,42,0,0,0,0,0,40,0,0,cluster2
27,22,30,10,14,30,16,0,0,0,0,50,0,0,cluster3
32,22,6,9,0,12,0,0,50,0,0,45,0,0,cluster2
58,22,72,6,14,24,32,0,50,0,0,8,0,0,cluster3
35,44,30,10,14,72,16,0,0,0,0,40,0,0,cluster3
21,22,6,9,0,12,48,0,0,0,0,36,0,0,cluster2
28,22,30,10,0,36,64,0,0,0,0,40,0,0,cluster2
46,11,30,10,28,6,0,0,0,0,0,50,0,0,cluster3
36,11,6,9,56,24,64,0,50,0,0,40,0,0,cluster2
72,22,12,7,84,0,64,0,50,0,0,40,0,0,cluster3
35,22,6,9,14,54,32,20,50,0,0,40,0,0,cluster3
33,33,42,11,28,36,64,20,50,0,0,40,0,50,cluster3
69,22,12,7,0,54,0,0,50,0,0,40,0,0,cluster3
35,22,6,9,14,54,16,0,0,0,0,40,0,0,cluster3
31,22,6,9,56,0,64,0,50,0,0,20,8,0,cluster2
34,22,6,9,14,60,32,0,50,0,0,32,0,0,cluster3
30,22,12,7,14,24,16,0,0,0,0,40,10,0,cluster2
28,22,0,13,0,42,0,0,0,0,0,55,0,0,cluster2
54,22,0,13,14,30,16,0,0,0,0,35,0,50,cluster3
47,22,30,10,14,18,16,0,0,0,0,50,0,50,cluster3
24,22,6,9,0,12,64,20,50,0,0,40,0,0,cluster2
52,11,0,13,14,18,16,0,0,0,0,60,0,50,cluster3
20,22,6,9,0,12,48,60,0,0,0,48,0,0,cluster2
43,66,18,14,14,6,16,0,0,8,0,45,0,0,cluster1
45,22,48,4,56,24,64,0,50,0,0,40,10,0,cluster3
29,11,6,9,56,36,0,0,0,0,0,35,0,0,cluster2
47,22,18,14,28,6,64,0,0,0,0,42,0,0,cluster3
24,22,6,9,0,36,48,0,0,0,0,40,0,0,cluster2
51,22,6,9,14,18,16,0,0,0,0,40,0,0,cluster3
17,22,12,7,0,30,48,0,0,0,0,12,0,0,cluster2
37,22,42,11,14,36,16,0,0,0,7,40,0,50,cluster1
27,22,54,16,0,18,0,0,50,0,0,70,0,0,cluster2
29,22,0,13,14,6,32,0,0,0,0,40,0,50,cluster3
18,55,90,8,0,66,48,0,0,0,0,25,0,0,cluster2
36,11,36,12,28,30,64,0,50,0,0,35,0,0,cluster3
58,44,0,13,0,18,0,0,50,0,0,40,0,0,cluster3
26,11,30,10,14,36,16,0,0,0,0,45,0,0,cluster3
65,55,30,10,14,66,16,0,0,0,0,30,0,50,cluster3
57,22,6,9,14,30,16,0,0,0,0,40,0,50,cluster3
59,22,6,9,14,36,16,0,0,0,0,40,0,0,cluster3
27,22,6,9,14,54,16,0,0,0,0,40,0,0,cluster3
31,11,0,13,0,60,0,0,0,0,0,40,0,0,cluster2
21,22,30,10,0,30,48,0,50,0,0,24,0,0,cluster2
29,22,30,10,0,0,0,0,0,0,0,60,0,0,cluster2
18,22,12,7,0,24,48,0,0,0,0,40,0,0,cluster2
52,22,72,6,14,36,16,0,0,0,7,47,0,50,cluster1
57,66,0,13,28,18,0,0,0,0,0,80,0,0,cluster3
42,55,6,9,14,66,16,0,0,0,0,40,0,0,cluster3
55,55,6,9,14,66,32,40,50,0,0,40,0,0,cluster3
60,22,48,4,0,42,0,0,0,0,0,48,0,50,cluster3
31,22,0,13,14,18,16,0,0,8,0,40,20,50,cluster1
23,22,0,13,0,0,48,0,50,0,0,40,0,0,cluster2
27,22,6,9,0,30,48,0,0,0,0,40,0,0,cluster2
23,55,30,10,0,66,64,60,50,0,0,25,0,0,cluster2
42,11,60,15,14,18,16,0,0,0,7,50,0,50,cluster1
25,22,30,10,0,60,0,0,0,7,0,40,0,0,cluster1
49,22,0,13,0,18,0,0,50,0,0,45,0,0,cluster3
32,22,0,13,0,60,0,0,0,0,0,40,0,0,cluster2
19,22,30,10,0,0,48,0,0,0,0,28,0,0,cluster2
60,22,48,4,28,24,0,0,50,0,0,40,0,0,cluster3
42,44,24,5,14,24,16,0,0,0,0,40,0,0,cluster3
35,11,36,12,0,48,0,0,0,0,0,40,0,0,cluster2
48,22,6,9,0,0,64,20,50,0,0,37,0,0,cluster3
51,22,18,14,14,36,16,0,0,0,0,40,0,50,cluster3
29,22,6,9,0,36,0,60,0,0,0,40,0,0,cluster2
36,44,6,9,56,6,0,20,0,0,0,40,0,0,cluster2
17,22,72,6,0,24,48,0,50,0,0,21,0,0,cluster2
52,22,18,14,28,18,0,0,50,8,0,60,0,0,cluster1
24,22,6,9,0,36,0,0,0,0,0,40,0,0,cluster2
24,22,6,9,14,12,16,0,0,0,0,50,0,0,cluster2
26,44,0,13,0,18,48,0,0,6,0,40,0,0,cluster3
27,22,0,13,0,24,48,0,50,0,0,20,0,0,cluster2
39,22,6,9,0,12,48,0,0,0,0,60,0,0,cluster2
30,22,6,9,14,42,16,20,0,0,0,45,0,0,cluster3
50,11,6,9,14,6,16,0,0,0,0,32,0,0,cluster3
52,66,0,13,14,30,16,0,0,0,0,55,0,0,cluster3
46,22,60,15,14,18,16,0,0,9,0,45,0,50,cluster1
23,22,0,13,0,30,48,0,50,0,0,20,0,0,cluster2
45,22,12,7,84,24,0,20,50,0,0,20,0,0,cluster3
65,22,24,5,84,84,64,20,50,0,0,24,0,0,cluster3
29,22,42,11,14,42,16,0,0,0,0,55,0,0,cluster3
47,22,24,5,42,12,64,0,0,0,0,40,50,0,cluster3
30,22,6,9,0,48,48,20,0,0,0,60,0,0,cluster2
34,22,6,9,14,30,16,0,0,0,0,45,0,50,cluster3
38,11,6,9,14,30,16,0,0,0,0,64,0,0,cluster3
33,22,30,10,14,6,16,0,0,0,0,40,0,50,cluster3
49,22,0,13,14,30,16,0,0,0,0,26,0,50,cluster3
47,11,30,10,0,24,64,20,50,0,0,40,0,0,cluster3
49,44,72,6,56,24,64,20,50,0,0,40,0,0,cluster3
43,22,30,10,14,36,16,0,0,9,0,60,0,50,cluster1
30,22,0,13,14,0,32,20,50,0,0,40,0,50,cluster3
58,11,6,9,14,36,16,0,0,0,0,60,0,0,cluster3
19,22,6,9,0,24,48,0,50,0,0,14,0,0,cluster2
21,22,0,13,0,12,0,0,0,0,0,40,0,0,cluster2
33,22,0,13,14,6,16,0,0,9,0,60,0,50,cluster1
47,66,66,3,14,42,16,0,0,0,0,50,2,0,cluster3
52,11,54,16,14,18,16,0,0,0,0,60,0,50,cluster1
26,22,6,9,28,36,0,0,0,0,0,55,0,0,cluster2
60,22,6,9,14,36,16,0,0,0,0,40,0,0,cluster3
21,22,30,10,0,12,48,0,0,0,0,40,0,0,cluster2
36,22,30,10,14,30,16,0,0,8,0,50,0,50,cluster1
31,22,30,10,14,36,16,0,0,0,0,45,0,0,cluster3
50,66,54,16,56,18,0,0,0,0,0,40,0,50,cluster3
31,44,6,9,28,0,64,0,50,0,0,40,0,0,cluster2
71,22,6,9,14,36,16,0,0,0,0,15,0,0,cluster3
58,55,6,9,14,66,16,0,0,0,0,50,0,0,cluster3
30,0,0,13,14,60,16,0,0,0,0,40,0,50,cluster3
20,22,30,10,0,24,48,0,0,0,0,20,0,0,cluster2
24,22,6,9,0,6,80,0,0,8,0,50,0,0,cluster1
35,22,54,16,14,18,16,40,0,0,0,40,42,50,cluster3
38,0,30,10,56,6,0,0,50,0,0,45,0,0,cluster2
27,22,6,9,0,54,48,0,50,0,0,32,0,0,cluster2
29,0,30,10,0,0,64,40,50,0,0,40,26,0,cluster2
70,55,24,5,84,66,64,0,50,7,0,15,0,0,cluster3
34,22,6,9,14,36,16,0,0,0,0,45,0,0,cluster3
44,22,48,4,14,36,16,0,0,0,0,35,0,0,cluster3
43,22,6,9,14,54,16,0,0,0,0,40,0,50,cluster3
44,11,90,8,14,12,16,20,0,0,0,40,0,50,cluster3
35,22,18,14,0,30,0,0,0,0,0,60,0,0,cluster2
27,22,30,10,0,18,0,0,0,0,0,40,0,0,cluster2
43,44,18,14,0,18,0,0,0,0,0,38,0,0,cluster3
20,22,30,10,0,30,0,0,50,0,0,25,0,0,cluster2
42,22,36,12,28,18,64,0,50,9,0,40,0,50,cluster1
27,0,30,10,14,42,16,0,0,8,0,40,0,0,cluster1
42,22,6,9,14,36,16,20,0,0,0,40,0,50,cluster3
20,55,12,7,42,66,48,40,50,0,7,40,12,0,cluster2
24,22,24,5,0,54,0,0,0,0,7,40,0,0,cluster2
48,33,30,10,28,6,0,0,0,0,0,40,0,0,cluster3
17,55,12,7,0,66,48,0,50,0,0,20,0,0,cluster2
17,11,12,7,0,48,48,0,0,0,0,10,0,0,cluster2
33,22,0,13,14,6,16,0,0,0,0,40,0,50,cluster3
50,66,6,9,14,30,16,0,0,0,0,50,0,50,cluster3
22,22,6,9,0,30,48,0,50,7,0,40,0,0,cluster1
17,22,90,8,0,24,48,0,0,0,0,16,0,0,cluster2
32,22,30,10,14,0,16,0,0,0,0,40,10,0,cluster3
31,22,6,9,0,36,0,0,0,0,0,45,0,0,cluster2
58,11,6,9,84,6,0,0,0,0,0,50,0,0,cluster3
29,44,6,9,0,72,48,0,0,0,0,48,0,0,cluster2
37,22,42,11,14,36,16,0,0,0,0,40,46,50,cluster3
34,11,6,9,14,36,16,0,0,0,0,40,0,50,cluster3
23,44,30,10,56,6,64,20,0,0,0,40,0,0,cluster2
18,0,12,7,0,0,48,0,50,0,0,5,0,0,cluster2
34,22,6,9,28,6,0,0,50,0,0,40,0,0,cluster2
66,55,48,4,0,66,0,0,0,0,0,4,0,0,cluster3
45,44,0,13,14,18,32,0,50,0,0,55,0,0,cluster3
41,22,18,14,0,6,0,0,0,0,0,35,48,0,cluster2
26,22,6,9,0,24,80,0,0,0,0,30,0,0,cluster2
54,44,30,10,14,48,16,0,0,0,0,40,0,0,cluster3
24,22,30,10,0,54,48,20,50,0,0,45,0,0,cluster2
42,22,30,10,14,18,16,0,0,0,0,50,0,0,cluster3
20,22,30,10,0,18,48,0,0,0,0,20,0,0,cluster2
23,0,0,13,0,60,0,0,50,0,0,20,0,0,cluster2
25,55,36,12,0,66,80,0,0,0,0,45,0,0,cluster2
35,22,18,14,0,18,0,0,0,0,0,60,0,50,cluster2
31,22,18,14,14,60,16,0,0,0,7,40,0,50,cluster1
30,22,0,13,0,18,48,0,50,0,0,40,30,0,cluster2
19,22,6,9,0,30,48,0,50,0,0,20,0,0,cluster2
36,44,0,13,0,18,0,0,0,0,0,50,0,0,cluster2
31,22,0,13,84,30,64,0,50,0,7,40,2,0,cluster3
21,22,30,10,0,12,48,0,0,0,0,30,0,0,cluster2
31,11,30,10,14,36,16,0,0,0,0,40,0,0,cluster3
46,22,54,16,28,18,64,0,50,10,0,65,0,50,cluster1
44,22,0,13,28,6,48,0,50,0,0,50,0,50,cluster2
40,22,90,8,14,24,16,20,0,0,0,40,4,0,cluster3
45,22,30,10,0,30,0,20,0,0,0,40,0,0,cluster2
60,22,6,9,14,36,16,0,0,0,0,35,0,0,cluster3
18,22,12,7,0,24,80,0,0,0,0,25,0,0,cluster2
28,22,0,13,14,18,16,0,0,0,0,40,0,0,cluster3
36,22,30,10,28,0,64,20,50,0,0,40,0,0,cluster2
36,22,0,13,56,18,0,0,0,0,0,40,8,0,cluster2
40,22,42,11,14,60,16,0,0,8,0,40,0,0,cluster1
36,44,0,13,28,0,64,0,50,0,0,35,16,0,cluster3
31,22,6,9,56,24,64,20,50,0,0,40,0,0,cluster2
33,22,6,9,14,54,16,0,0,0,0,40,0,0,cluster3
19,0,6,9,0,60,48,0,50,0,0,40,0,0,cluster2
22,22,30,10,0,30,48,0,50,0,0,15,0,0,cluster2
34,22,0,13,14,6,16,0,0,0,0,45,0,50,cluster3
33,22,6,9,0,24,0,0,0,0,0,40,0,0,cluster2
41,22,6,9,14,36,16,0,0,0,7,60,0,0,cluster1
29,22,0,13,0,18,0,0,0,8,0,40,0,0,cluster1
50,44,6,9,14,6,16,0,0,0,0,42,0,50,cluster3
42,22,0,13,14,6,16,0,0,8,0,45,0,50,cluster1
43,22,0,13,0,18,0,0,0,0,0,40,8,50,cluster2
44,22,6,9,14,30,32,0,50,0,0,40,0,0,cluster3
20,22,30,10,0,24,0,0,50,0,0,20,0,0,cluster2
31,22,6,9,14,24,16,0,0,0,0,40,10,0,cluster3
65,11,12,7,14,6,16,0,0,9,0,59,8,50,cluster1
23,22,30,10,0,24,0,0,50,0,0,24,0,0,cluster2
55,22,30,10,28,0,0,40,50,0,0,40,0,0,cluster3
26,22,42,11,14,0,16,0,0,0,7,45,0,0,cluster1
25,22,42,11,0,24,48,0,50,0,0,15,0,0,cluster2
45,55,30,10,14,66,32,20,50,0,0,40,0,0,cluster3
35,22,30,10,14,36,16,0,0,7,0,40,0,0,cluster1
36,22,30,10,0,30,0,20,50,0,0,36,0,0,cluster2
43,0,0,13,14,18,16,0,0,0,0,50,0,0,cluster3
56,22,6,9,84,24,64,20,50,6,0,20,0,0,cluster3
42,22,0,13,14,60,16,0,0,0,0,40,0,50,cluster3
19,22,30,10,0,24,80,0,50,0,0,25,0,0,cluster2
55,11,6,9,14,42,16,0,0,0,0,72,0,0,cluster3
42,22,18,14,0,6,0,0,50,9,0,50,0,50,cluster1
26,22,42,11,0,60,48,0,0,0,0,40,0,0,cluster2
17,22,90,8,0,12,48,0,0,0,0,20,0,0,cluster2
42,44,0,13,14,18,32,0,50,0,0,40,0,50,cluster3
55,22,6,9,14,42,16,0,0,8,0,40,0,50,cluster1
32,22,30,10,0,0,48,20,50,0,0,40,0,0,cluster2
29,22,12,7,0,36,48,20,0,0,0,40,44,0,cluster2
46,0,0,13,14,18,16,0,0,0,0,37,0,0,cluster3
29,0,0,13,14,6,16,0,0,8,0,40,0,50,cluster1
22,22,0,13,0,18,64,0,0,0,0,20,0,0,cluster2
58,11,72,6,14,36,16,0,0,0,0,40,0,0,cluster3
23,22,6,9,0,42,64,0,0,0,0,50,0,0,cluster2
39,22,6,9,0,12,0,0,0,0,0,40,0,0,cluster2
27,22,42,11,0,36,48,0,0,0,0,38,0,0,cluster2
54,22,6,9,14,42,16,0,0,0,0,40,0,50,cluster3
33,44,0,13,0,18,0,0,50,0,0,45,0,0,cluster2
46,33,6,9,14,0,32,0,50,0,0,40,0,50,cluster3
37,22,6,9,0,48,0,20,0,0,0,40,0,0,cluster2
36,22,6,9,0,24,0,0,50,0,0,18,0,0,cluster2
59,44,6,9,14,0,32,0,50,0,0,38,0,50,cluster3
34,44,6,9,28,72,64,0,0,0,0,40,46,0,cluster3
53,66,54,16,14,6,16,0,0,0,0,70,0,50,cluster1
51,22,0,13,0,30,0,0,0,0,0,55,0,50,cluster2
32,22,72,6,56,24,64,0,50,0,0,42,0,0,cluster2
31,0,30,10,42,24,80,0,0,0,0,40,0,0,cluster2
22,22,30,10,14,30,32,0,50,0,0,30,22,0,cluster3
47,11,0,13,28,30,0,0,50,0,0,50,0,0,cluster3
32,22,6,9,0,54,0,0,0,0,0,40,0,0,cluster2
26,22,30,10,0,48,0,0,50,0,0,38,0,0,cluster2
37,22,66,3,56,48,0,0,0,0,0,32,54,0,cluster2
31,22,6,9,28,36,64,0,0,0,0,55,0,0,cluster2
37,22,42,11,14,60,32,0,50,0,0,24,0,50,cluster3
55,22,6,9,0,30,0,0,0,0,0,38,0,0,cluster3
23,44,42,11,28,60,0,0,0,0,0,56,0,0,cluster2
36,22,30,10,28,0,64,0,50,0,0,40,0,0,cluster2
34,22,18,14,14,18,16,0,0,0,0,40,8,0,cluster3
43,22,0,13,14,30,16,0,0,0,0,50,0,50,cluster3
54,22,30,10,0,60,0,0,0,0,0,40,0,0,cluster3
43,0,30,10,14,36,16,0,0,0,0,40,8,0,cluster3
28,22,42,11,0,54,0,0,50,0,7,42,0,0,cluster2
40,22,42,11,14,6,16,0,0,0,0,50,0,50,cluster3
41,11,30,10,14,6,16,0,0,0,0,60,0,0,cluster3
40,22,0,13,0,30,0,80,50,0,0,55,0,50,cluster2
42,22,30,10,28,0,0,20,50,0,0,38,0,0,cluster3
61,11,6,9,14,48,16,0,0,0,7,50,0,0,cluster1
18,22,90,8,0,54,48,0,0,0,0,30,0,0,cluster2
59,55,6,9,14,66,16,0,0,0,0,16,0,0,cluster3
21,55,6,9,0,66,0,0,50,6,0,40,0,0,cluster3
48,22,42,11,14,60,16,0,0,0,0,50,0,50,cluster3
41,66,0,13,14,60,16,0,0,0,0,40,0,0,cluster3
18,55,30,10,0,66,48,0,0,0,0,33,0,0,cluster2
23,22,6,9,0,30,0,0,50,7,0,40,0,0,cluster1
60,22,6,9,14,42,16,0,0,0,0,60,0,50,cluster3
22,22,30,10,0,24,80,20,0,0,0,20,0,0,cluster2
61,22,6,9,14,54,16,0,0,0,0,40,0,0,cluster3
25,22,6,9,0,54,0,20,0,0,0,40,0,0,cluster2
46,22,18,14,0,60,0,0,0,0,0,35,0,50,cluster3
43,22,0,13,14,6,16,0,0,0,7,40,18,50,cluster1
43,22,36,12,28,36,0,0,0,0,0,40,0,0,cluster3
24,22,6,9,0,24,48,20,0,0,7,30,0,0,cluster2
68,11,12,7,0,48,64,0,0,0,0,20,0,0,cluster3
31,22,6,9,28,0,64,0,50,0,0,38,0,0,cluster2
17,22,12,7,0,30,48,0,50,0,0,20,0,0,cluster2
32,22,6,9,14,36,16,0,0,8,0,48,0,50,cluster1
50,55,18,14,42,66,80,0,0,0,0,40,0,0,cluster3
33,22,0,13,14,18,16,0,0,8,0,47,0,50,cluster1
64,22,0,13,14,18,16,0,0,0,0,40,0,50,cluster3
20,22,6,9,0,42,48,0,0,0,0,30,0,0,cluster2
30,22,6,9,56,24,48,0,50,0,0,36,0,0,cluster2
22,55,30,10,0,66,48,20,0,0,0,40,0,0,cluster2
43,22,30,10,28,6,0,0,0,0,0,45,0,0,cluster3
22,22,30,10,0,0,48,0,0,0,0,40,0,0,cluster2
17,22,72,6,0,48,48,0,0,0,0,20,0,0,cluster2
47,11,6,9,14,24,32,0,50,0,0,75,28,0,cluster3
41,22,42,11,0,18,0,0,50,0,0,60,0,0,cluster2
56,22,30,10,14,36,16,0,0,0,0,50,0,50,cluster3
64,22,6,9,14,42,16,0,0,0,0,45,0,0,cluster3
47,22,6,9,14,42,16,0,0,0,0,50,0,50,cluster3
48,22,42,11,0,0,64,0,0,0,0,40,0,0,cluster3
31,22,18,14,0,18,0,0,50,0,0,46,0,0,cluster2
29,22,42,11,0,60,48,0,0,0,0,40,0,0,cluster2
30,22,6,9,84,0,0,0,50,0,0,40,0,0,cluster3
32,22,6,9,14,6,16,0,0,0,7,60,0,0,cluster1
57,22,6,9,84,42,64,0,0,0,6,42,0,50,cluster3
62,22,6,9,84,24,0,0,50,0,0,40,0,0,cluster3
39,22,6,9,56,54,64,0,50,0,0,24,0,0,cluster2
43,22,30,10,0,0,0,0,0,0,0,25,0,0,cluster2
24,66,0,13,0,30,48,0,0,0,0,40,0,0,cluster2
42,55,12,7,14,66,16,0,0,0,0,15,0,0,cluster3
53,22,30,10,14,0,32,0,50,8,0,40,0,50,cluster1
26,22,30,10,0,12,48,0,0,0,0,40,0,0,cluster2
73,11,6,9,14,6,16,0,0,0,0,40,0,0,cluster3
72,55,12,7,84,66,0,0,50,0,0,24,0,0,cluster3
55,22,6,9,14,54,16,0,0,0,0,40,0,0,cluster3
25,22,6,9,28,0,0,0,0,0,0,40,0,0,cluster2
41,22,0,13,28,18,0,0,50,0,0,50,0,50,cluster3
24,22,0,13,0,6,0,0,0,0,0,50,0,0,cluster2
63,22,6,9,84,48,0,0,0,0,0,6,0,0,cluster3
17,22,12,7,0,30,48,0,0,0,0,20,0,0,cluster2
35,22,30,10,14,36,16,0,0,0,0,50,0,0,cluster3
51,22,30,10,14,18,16,0,0,0,0,40,0,50,cluster3
62,44,0,13,84,18,0,0,50,0,0,48,0,0,cluster3
55,22,6,9,14,36,16,0,0,8,0,40,0,50,cluster1
43,22,30,10,28,18,0,0,0,0,0,40,0,0,cluster3
40,44,6,9,28,24,0,0,50,0,0,50,0,0,cluster2
37,22,0,13,14,6,16,0,0,0,0,45,0,50,cluster3
39,22,0,13,14,36,16,0,0,0,0,40,0,0,cluster3
31,22,6,9,0,36,48,0,0,0,0,18,0,0,cluster2
61,22,18,14,84,18,0,0,50,0,0,40,0,50,cluster3
26,22,42,11,28,0,0,0,50,0,0,55,0,0,cluster2
46,11,6,9,14,30,16,0,0,0,0,50,0,0,cluster3
26,22,0,13,0,18,0,0,50,0,0,40,0,0,cluster2
48,0,54,16,28,18,48,0,0,0,0,50,0,50,cluster3
34,22,6,9,0,42,48,0,0,0,0,40,0,0,cluster2
34,44,6,9,0,0,48,0,50,0,0,40,0,0,cluster2
59,22,6,9,14,24,16,0,0,0,0,40,0,50,cluster3
34,22,0,13,0,18,48,0,50,0,0,40,0,0,cluster2
49,22,0,13,0,6,0,0,50,0,0,56,0,50,cluster3
18,22,12,7,0,0,48,0,50,0,0,20,0,0,cluster2
43,22,6,9,14,48,16,0,0,0,0,40,10,0,cluster3
48,22,12,7,14,6,16,0,0,0,0,50,0,0,cluster3
28,66,30,10,14,6,16,0,0,0,0,70,0,0,cluster3
33,22,6,9,14,54,16,0,0,0,0,40,0,0,cluster3
24,22,30,10,0,30,0,0,50,0,0,15,0,0,cluster2
21,22,72,6,0,12,0,0,0,0,0,40,0,0,cluster2
17,22,12,7,0,30,48,0,0,0,0,28,0,0,cluster2
39,22,30,10,14,48,16,0,0,0,0,50,0,50,cluster3
29,11,0,13,56,18,48,0,0,0,0,40,0,0,cluster2
44,22,0,13,14,6,16,0,0,0,0,40,0,50,cluster3
24,22,30,10,0,42,48,0,0,0,0,50,0,0,cluster2
71,11,18,14,14,30,16,0,0,9,0,40,0,50,cluster1
51,11,0,13,14,30,16,40,0,0,7,40,56,50,cluster1
55,22,66,3,28,24,64,20,0,0,0,25,0,0,cluster3
41,22,0,13,14,6,16,0,0,0,0,60,0,50,cluster3
23,22,6,9,0,12,64,20,50,0,0,7,0,0,cluster2
38,22,42,11,28,0,64,0,50,0,0,40,0,0,cluster2
39,22,6,9,14,42,16,0,0,0,0,40,0,50,cluster3
19,22,6,9,0,0,0,0,50,0,0,30,0,0,cluster2
49,22,24,5,28,54,0,0,50,0,0,40,0,0,cluster3
32,22,0,13,14,0,80,0,0,0,0,40,26,50,cluster2
27,22,6,9,14,36,16,0,0,0,0,70,0,0,cluster3
38,22,0,13,14,30,16,0,0,0,0,50,0,50,cluster3
33,22,30,10,14,36,32,0,50,0,0,60,0,0,cluster3
63,55,30,10,14,66,16,0,0,0,0,15,0,0,cluster3
23,22,0,13,0,6,48,0,0,0,0,28,0,0,cluster2
33,66,30,10,14,36,16,0,0,0,0,60,8,0,cluster3
54,11,6,9,14,30,16,20,0,0,0,40,0,0,cluster3
29,22,42,11,28,60,0,0,50,7,0,45,0,0,cluster1
48,55,30,10,28,66,64,20,50,0,0,30,0,0,cluster3
35,11,0,13,0,6,0,0,0,0,0,40,0,0,cluster2
28,22,42,11,14,0,32,40,50,0,0,40,6,0,cluster3
37,22,0,13,14,18,16,0,0,8,0,50,0,50,cluster1
42,11,60,15,14,48,16,0,0,0,0,65,0,50,cluster1
40,22,18,14,14,18,16,0,0,0,0,40,0,0,cluster3
47,22,30,10,28,30,48,0,0,0,0,55,0,0,cluster2
22,22,0,13,0,6,48,0,50,0,0,50,0,0,cluster2
30,22,0,13,14,6,16,0,0,0,0,45,0,50,cluster3
28,22,6,9,14,60,16,0,0,0,0,40,0,0,cluster3
63,44,48,4,14,24,16,0,0,0,0,55,0,0,cluster3
51,11,24,5,14,36,16,0,0,0,0,20,0,0,cluster3
22,22,6,9,0,12,48,0,50,0,0,40,0,0,cluster2
27,55,36,12,14,66,48,60,0,0,0,40,0,0,cluster2
35,22,6,9,0,30,0,0,0,0,0,45,0,0,cluster2
46,22,6,9,28,54,0,0,50,0,0,38,0,0,cluster3
37,22,30,10,28,54,0,0,0,0,0,52,0,0,cluster2
24,22,0,13,0,18,48,20,0,0,0,15,0,0,cluster2
37,11,6,9,28,12,48,0,0,0,0,10,0,0,cluster2
53,22,30,10,14,60,16,0,0,0,0,40,0,0,cluster3
27,22,6,9,0,30,0,0,0,0,0,30,0,0,cluster2
38,22,30,10,28,36,0,0,0,0,0,44,0,0,cluster2
53,11,72,6,14,48,16,0,0,0,0,60,0,0,cluster3
34,22,30,10,0,36,0,0,0,0,0,40,0,0,cluster2
23,22,6,9,0,30,48,20,0,0,0,40,0,0,cluster2
39,22,0,13,14,6,16,0,0,9,0,45,0,50,cluster1
43,22,18,14,14,18,32,40,50,0,0,50,12,0,cluster3
67,66,6,9,14,6,16,40,0,0,0,40,0,50,cluster3
81,11,6,9,14,6,16,0,0,0,0,30,0,0,cluster3
21,22,30,10,0,24,48,0,0,0,0,20,0,0,cluster2
23,22,30,10,0,30,0,0,0,0,0,25,0,0,cluster2
25,22,30,10,0,42,64,0,0,0,0,40,0,0,cluster2
42,22,66,3,14,54,32,0,50,0,0,38,10,0,cluster3
38,22,30,10,14,0,32,20,50,0,0,40,0,0,cluster3
64,55,6,9,14,66,16,0,0,0,0,5,0,0,cluster3
32,22,6,9,14,54,16,0,0,0,0,40,0,0,cluster3
37,22,6,9,14,54,16,0,0,0,0,40,0,0,cluster3
51,22,18,14,14,6,16,0,0,0,0,60,0,50,cluster3
22,22,30,10,0,30,0,0,50,0,0,42,0,0,cluster2
33,22,78,2,42,84,0,0,50,0,0,40,54,0,cluster2
42,22,6,9,28,54,0,0,0,0,0,55,0,0,cluster2
19,55,30,10,0,66,48,0,50,0,0,10,0,0,cluster2
51,44,84,1,14,24,16,0,0,0,0,40,0,0,cluster3
23,22,6,9,14,0,32,0,50,0,0,40,10,0,cluster3
37,22,12,7,14,54,16,0,0,8,0,44,0,50,cluster1
37,22,6,9,14,36,16,0,0,0,0,99,0,50,cluster1
47,22,18,14,0,18,0,0,50,0,0,25,0,0,cluster3
41,22,60,15,14,18,16,0,0,0,7,40,0,50,cluster1
33,22,6,9,14,36,16,0,0,0,0,30,0,0,cluster3
31,22,0,13,0,30,0,0,0,0,0,40,0,50,cluster2
31,22,36,12,28,24,64,60,50,0,0,40,0,0,cluster2
35,22,6,9,14,54,16,20,0,0,0,40,0,0,cluster3
38,66,6,9,14,6,16,0,0,0,0,40,0,50,cluster3
18,22,6,9,0,24,0,0,50,0,0,45,0,0,cluster2
20,22,6,9,14,54,16,0,0,0,0,40,0,0,cluster3
54,44,30,10,28,6,64,20,50,0,0,35,0,0,cluster3
40,22,30,10,28,0,64,0,50,0,0,40,0,0,cluster3
36,66,0,13,14,6,32,0,50,0,7,45,0,50,cluster1
43,22,30,10,28,36,64,0,0,0,0,35,0,0,cluster3
44,11,30,10,28,48,64,0,0,0,0,40,0,0,cluster3
44,0,6,9,14,18,32,0,50,0,0,40,0,50,cluster3
43,22,18,14,14,6,16,0,0,0,0,43,0,50,cluster3
51,22,48,4,84,24,64,20,50,0,0,40,0,0,cluster3
18,22,6,9,0,24,48,0,50,0,0,20,0,0,cluster2
51,22,30,10,14,6,16,0,0,0,0,40,0,0,cluster3
41,22,72,6,14,36,16,0,0,0,0,30,8,0,cluster3
44,66,30,10,14,30,16,0,0,0,0,70,0,50,cluster1
33,44,72,6,28,42,0,0,0,0,0,40,0,0,cluster2
33,11,0,13,14,6,16,0,0,0,0,40,0,50,cluster3
42,22,36,12,14,6,16,0,0,0,0,40,0,50,cluster3
25,22,30,10,14,18,16,0,0,0,0,45,0,0,cluster3
32,22,6,9,28,54,0,0,50,0,0,38,0,0,cluster2
32,22,0,13,14,36,16,0,0,0,0,70,10,0,cluster1
36,22,72,6,28,6,64,0,50,0,0,40,0,0,cluster2
28,22,6,9,14,42,16,0,0,0,0,40,0,0,cluster3
20,22,6,9,0,24,48,0,50,0,0,20,0,0,cluster2
35,66,30,10,14,30,16,0,0,0,0,60,0,50,cluster3
55,11,6,9,14,36,16,0,0,0,0,20,0,0,cluster3
48,22,0,13,14,6,16,40,0,0,0,40,6,50,cluster3
36,55,42,11,84,66,0,0,50,0,0,20,0,0,cluster3
34,22,6,9,14,36,16,0,0,0,0,35,0,50,cluster3
28,22,0,13,0,60,0,0,50,0,0,35,0,0,cluster2
67,22,0,13,84,6,0,0,0,0,7,40,0,50,cluster1
37,22,6,9,14,36,16,0,0,0,0,40,0,0,cluster3
44,22,6,9,0,42,64,0,0,0,0,70,0,0,cluster2
25,22,30,10,0,30,0,0,50,0,0,40,0,0,cluster2
21,22,30,10,0,6,0,0,50,8,0,40,0,0,cluster1
40,0,18,14,14,18,16,0,0,0,0,35,0,50,cluster3
78,22,6,9,84,24,0,20,50,7,0,40,0,0,cluster1
34,22,6,9,28,12,48,0,0,0,0,40,0,0,cluster2
49,22,6,9,0,0,0,0,50,0,0,44,0,0,cluster3
22,22,36,12,0,0,0,0,50,0,0,40,0,0,cluster2
23,55,6,9,0,66,64,20,50,0,0,40,0,0,cluster2
60,11,6,9,0,48,64,0,0,0,0,42,0,0,cluster3
45,44,6,9,84,72,0,0,0,0,0,40,0,50,cluster3
63,22,42,11,28,24,0,0,50,0,0,20,0,0,cluster3
41,22,6,9,0,36,48,20,50,0,0,35,0,0,cluster2
47,22,6,9,28,0,64,0,50,0,0,40,0,0,cluster3
44,22,6,9,28,36,64,0,0,0,0,40,0,0,cluster3
51,22,30,10,84,18,0,0,50,8,0,40,0,0,cluster1
46,22,0,13,0,30,0,0,0,0,7,40,0,0,cluster2
41,22,42,11,14,54,16,0,0,0,0,40,0,0,cluster3
50,11,6,9,14,36,16,0,0,0,0,30,0,0,cluster3
47,22,6,9,14,0,16,0,0,0,0,50,0,50,cluster3
35,22,6,9,0,6,0,0,0,0,0,45,0,0,cluster2
56,22,6,9,14,6,16,0,0,0,0,55,0,50,cluster3
45,22,18,14,28,18,0,0,0,0,0,45,0,0,cluster3
48,33,0,13,28,6,64,0,0,0,0,58,0,50,cluster3
40,22,30,10,14,54,16,0,0,7,0,40,0,0,cluster1
39,66,0,13,14,6,16,0,0,9,0,50,0,50,cluster1
